eduardovegap#0422,John V#2787,I canâ€™t wait to get started ğŸ™‚,2021-12-02,ğŸ«ï½œgeneral,,,
Zeptimus#3359,p1gp3n#3107,for hosting a params party with a noob like me ğŸ™‚,2021-11-03,ğŸ™ï½œpraise,,,
Zeptimus#3359,p1gp3n#3107,for hosting a params party with a noob like me ğŸ™‚,2021-11-03,ğŸ™ï½œpraise,,,
p1gp3n#3107,Zeptimus#3359,for joining a param party today it was fun!,2021-11-03,ğŸ™ï½œpraise,,,
p1gp3n#3107,chuygarcia.eth#6692,for coming to a param party I hosted <a:1397_partywizardparrot:828514959893463052>,2021-11-03,ğŸ™ï½œpraise,,,
UncleBimBim#1401,chuygarcia.eth#6692,for being in the orientation call even though he's in Australia and its super early ğŸ¦˜,2021-11-03,ğŸ™ï½œpraise,,,
casale.eth#6107,chuygarcia.eth#6692,for keeping his front-end talents close to the TEC <:TEC:835016327542210560>,2021-11-03,ğŸ™ï½œpraise,,,
arvind#0302,chuygarcia.eth#6692,for attending orientation after hearing about the TEC in the ForefrontDAO podcast <:FF:828526423894654986> <:TEC:835016327542210560>,2021-11-03,ğŸ™ï½œpraise,,,
eduardovegap#0422,UncleBimBim#1401,for facilitating the orientation call and being so great at it,2021-11-03,ğŸ™ï½œpraise,,,
eduardovegap#0422,UncleBimBim#1401,for facilitating the orientation call and being so great at it,2021-11-03,ğŸ™ï½œpraise,,,
Tam2140#9361,UncleBimBim#1401,for being so helpful and always jumping in with more information during the orientation call,2021-11-03,ğŸ™ï½œpraise,,,
eduardovegap#0422,arvind#0302,for answering all the questions. It was a very helpful session,2021-11-03,ğŸ™ï½œpraise,,,
Tam2140#9361,arvind#0302,for answering all the questions. It was a very helpful session,2021-11-03,ğŸ™ï½œpraise,,,
casale.eth#6107,eduardovegap#0422,"for joining an amazing Orientation call! Thank you everyone for joining and engaging! We look forward to see you more around! If you have any question, my dms are open! ğŸ˜„",2021-11-03,ğŸ™ï½œpraise,,,
UncleBimBim#1401,eduardovegap#0422,"for joining an amazing Orientation call! Thank you everyone for joining and engaging! We look forward to see you more around! If you have any question, my dms are open! ğŸ˜„",2021-11-03,ğŸ™ï½œpraise,,,
satchel  | PST#7393,eduardovegap#0422,"for joining an amazing Orientation call! Thank you everyone for joining and engaging! We look forward to see you more around! If you have any question, my dms are open! ğŸ˜„",2021-11-03,ğŸ™ï½œpraise,,,
arvind#0302,eduardovegap#0422,"for joining an amazing Orientation call! Thank you everyone for joining and engaging! We look forward to see you more around! If you have any question, my dms are open! ğŸ˜„",2021-11-03,ğŸ™ï½œpraise,,,
osycross(ğŸ¦ğŸ¦)#5943,eduardovegap#0422,"for joining an amazing Orientation call! Thank you everyone for joining and engaging! We look forward to see you more around! If you have any question, my dms are open! ğŸ˜„",2021-11-03,ğŸ™ï½œpraise,,,
Arvin#4169,eduardovegap#0422,"for joining an amazing Orientation call! Thank you everyone for joining and engaging! We look forward to see you more around! If you have any question, my dms are open! ğŸ˜„",2021-11-03,ğŸ™ï½œpraise,,,
chuygarcia.eth#6692,p1gp3n#3107,for hosting an informative params party,2021-11-03,ğŸ™ï½œpraise,,,
divine_comedian#5493,p1gp3n#3107,for taking the time to provide an overview of TEC's hatching/params process,2021-11-03,ğŸ™ï½œpraise,,,
UncleBimBim#1401,Tam2140#9361,"for sharing some of your work and a quick exchange of ideas. Looking forward to more, there are many areas where the TEC can use a visual designer's touch.",2021-11-03,ğŸ™ï½œpraise,,,
arvind#0302,Nuggan#5183,for joining the param party and making some awesome proposals!,2021-11-04,ğŸ™ï½œpraise,,,
UncleBimBim#1401,chuygarcia.eth#6692,for keeping yourselves close to the Comms WG,2021-11-04,ğŸ™ï½œpraise,,,
arvind#0302,chuygarcia.eth#6692,for keeping yourselves close to the Comms WG,2021-11-04,ğŸ™ï½œpraise,,,
miguelb#5176,chuygarcia.eth#6692,"because he came to his first community call in the DAO space, welcome buddy <:TEC:835016327542210560>",2021-11-04,ğŸ™ï½œpraise,,,
divine_comedian#5493,ZER8ğŸ§ #9093,for being incredible members of the TEC,2021-11-04,ğŸ™ï½œpraise,,,
r33pich33p#6906,ZER8ğŸ§ #9093,for being incredible members of the TEC,2021-11-04,ğŸ™ï½œpraise,,,
eduardovegap#0422,ZER8ğŸ§ #9093,for being incredible members of the TEC,2021-11-04,ğŸ™ï½œpraise,,,
arvind#0302,iviangita#3204,for attending the TEC Community Call 56 <:TEC:835016327542210560> https://youtu.be/9LcUA_5peZo,2021-11-05,ğŸ™ï½œpraise,,,
miguelb#5176,iviangita#3204,for attending the TEC Community Call 56 <:TEC:835016327542210560> https://youtu.be/9LcUA_5peZo,2021-11-05,ğŸ™ï½œpraise,,,
casale.eth#6107,Mount Manu#3530,for joining the last orientation call we had,2021-11-05,ğŸ™ï½œpraise,,,
UncleBimBim#1401,Mount Manu#3530,for joining the last orientation call we had,2021-11-05,ğŸ™ï½œpraise,,,
satchel  | PST#7393,Mount Manu#3530,for joining the last orientation call we had,2021-11-05,ğŸ™ï½œpraise,,,
arvind#0302,Mount Manu#3530,for joining the last orientation call we had,2021-11-05,ğŸ™ï½œpraise,,,
osycross(ğŸ¦ğŸ¦)#5943,Mount Manu#3530,for joining the last orientation call we had,2021-11-05,ğŸ™ï½œpraise,,,
Arvin#4169,Mount Manu#3530,for joining the last orientation call we had,2021-11-05,ğŸ™ï½œpraise,,,
arvind#0302,chuygarcia.eth#6692,for being new contributors in the Comms WG! We're excited to have you here and we look forward to keep praising you for your valuable contributions to the community <:TEC:835016327542210560>,2021-11-09,ğŸ™ï½œpraise,,,
osycross(ğŸ¦ğŸ¦)#5943,chuygarcia.eth#6692,for being new contributors in the Comms WG! We're excited to have you here and we look forward to keep praising you for your valuable contributions to the community <:TEC:835016327542210560>,2021-11-09,ğŸ™ï½œpraise,,,
chuygarcia.eth#6692,arvind#0302,for being super helpful during the call and prior to it as well!,2021-11-09,ğŸ™ï½œpraise,,,
tixter.eth#2801,eduardovegap#0422,", , , , , , , , , , , , , , , , ,  for joining Orientation call! I had a blast knowing y'all, looking forward to see you around!",2021-11-10,ğŸ™ï½œpraise,,,
"russlive215 (ğŸ§™ğŸ¾, ğŸ§™ğŸ¾)ï¸±40ACRES#8460",eduardovegap#0422,", , , , , , , , , , , , , , , , ,  for joining Orientation call! I had a blast knowing y'all, looking forward to see you around!",2021-11-10,ğŸ™ï½œpraise,,,
MKMK#0001,eduardovegap#0422,", , , , , , , , , , , , , , , , ,  for joining Orientation call! I had a blast knowing y'all, looking forward to see you around!",2021-11-10,ğŸ™ï½œpraise,,,
natesuits#4789,calazki#3961,for taking the time to provide more clarity and direction on the TEC case studies! lots of great insights uncovered during the call!!,2021-11-11,ğŸ™ï½œpraise,,,
K.#9150,calazki#3961,for taking the time to provide more clarity and direction on the TEC case studies! lots of great insights uncovered during the call!!,2021-11-11,ğŸ™ï½œpraise,,,
liviade#1387,calazki#3961,for taking the time to provide more clarity and direction on the TEC case studies! lots of great insights uncovered during the call!!,2021-11-11,ğŸ™ï½œpraise,,,
eduardovegap#0422,tigeroid#2951,for taking the time and patiently walked me through the different working groups and getting me excited to be more involved in the community.,2021-11-11,ğŸ™ï½œpraise,,,
MKMK#0001,karmaticacid#1218,for helping set up param party for kernel block 4 fellows,2021-11-11,ğŸ™ï½œpraise,,,
sidcode#1729,Zeptimus#3359,for joining a morning param party!! it was so fun thanks for joining ğŸ¤,2021-11-12,ğŸ™ï½œpraise,,,
Zeptimus#3359,sidcode#1729,for being so patient with my questions ğŸ˜„,2021-11-12,ğŸ™ï½œpraise,,,
AnaTech#7412,chuygarcia.eth#6692,for attending the 1Hive Params Party! We had a blast <a:1397_partywizardparrot:828514959893463052>,2021-11-12,ğŸ™ï½œpraise,,,
Arvin#4169,Mount Manu#3530,for getting closer to the Comms WG,2021-11-13,ğŸ™ï½œpraise,,,
tixter.eth#2801,Mount Manu#3530,for showing up to the Community Call and sending some praise love to people in the community,2021-11-13,ğŸ™ï½œpraise,,,
tixter.eth#2801,Mount Manu#3530,for being new and making it to the Community call on Thursday,2021-11-13,ğŸ™ï½œpraise,,,
tixter.eth#2801,Mount Manu#3530,for taking time off their days and taking part in our praise ritual,2021-11-13,ğŸ™ï½œpraise,,,
tixter.eth#2801,Mount Manu#3530,for attending our Community Call and being part of our Praise tradition,2021-11-13,ğŸ™ï½œpraise,,,
Clay | Blockdaemon#1997,Mount Manu#3530,for joining the TEC Orientation call earlier this week,2021-11-13,ğŸ™ï½œpraise,,,
"russlive215 (ğŸ§™ğŸ¾, ğŸ§™ğŸ¾)ï¸±40ACRES#8460",Mount Manu#3530,for joining us on our Stewards call,2021-11-13,ğŸ™ï½œpraise,,,
GreasyPJs#9493,Mount Manu#3530,for attending our Community Call and being part of our Praise tradition,2021-11-13,ğŸ™ï½œpraise,,,
osycross(ğŸ¦ğŸ¦)#5943,chuygarcia.eth#6692,for attending a very constructive Comms WG call <:TEC:835016327542210560>,2021-11-16,ğŸ™ï½œpraise,,,
osycross(ğŸ¦ğŸ¦)#5943,chuygarcia.eth#6692,for attending the Symmetric params party <:TEC:835016327542210560> <:Symmetric_Logo:859147200150765578>,2021-11-17,ğŸ™ï½œpraise,,,
natesuits#4789,divine#9879,for hosting todays orientation. I really appreciated. Thank you,2021-11-17,ğŸ™ï½œpraise,,,
chuygarcia.eth#6692,divine#9879,for hosting todays orientation. I really appreciated. Thank you,2021-11-17,ğŸ™ï½œpraise,,,
durgadas#9280,sidcode#1729,":D. This is a great example of a ""reward system"" for a community",2021-11-17,ğŸ™ï½œpraise,,,
eduardovegap#0422,sidcode#1729,":D. This is a great example of a ""reward system"" for a community",2021-11-17,ğŸ™ï½œpraise,,,
liviade#1387,sidcode#1729,":D. This is a great example of a ""reward system"" for a community",2021-11-17,ğŸ™ï½œpraise,,,
Tam2140#9361,sidcode#1729,":D. This is a great example of a ""reward system"" for a community",2021-11-17,ğŸ™ï½œpraise,,,
geekin/wdude#7923,chuygarcia.eth#6692,attending the Symmetric params party too and joining the TEC discord <:TEC:835016327542210560>,2021-11-17,ğŸ™ï½œpraise,,,
sidcode#1729,Tam2140#9361,for sharing the recording of Griff's Params Party on Gitcoin and making it available on Youtube for everyone to watch.,2021-11-17,ğŸ™ï½œpraise,,,
logonaut.eth#9437,freshelle#9882,for mentioning or retweeting TE Commons on the socials the past week! Thank you for helping us grow the Token Engineering Commons community and spreading the message! ğŸ™ğŸ¼â˜ºï¸,2021-11-19,ğŸ™ï½œpraise,,,
AnaTech#7412,nic#9212,for offering to help with the dashboard advice proposal post and giving great feedback,2021-11-20,ğŸ™ï½œpraise,,,
logonaut.eth#9437,Zeptimus#3359,for a fun transparency sync âš¡,2021-11-22,ğŸ™ï½œpraise,,,
MKMK#0001,Mount Manu#3530,for supporting interest in the TEC and turning that into a nice bridge with Gitcoinâ€™s Kernel,2021-11-22,ğŸ™ï½œpraise,,,
"russlive215 (ğŸ§™ğŸ¾, ğŸ§™ğŸ¾)ï¸±40ACRES#8460",Mount Manu#3530,for showing up to TECâ€™s calls and being inquisitive,2021-11-22,ğŸ™ï½œpraise,,,
"russlive215 (ğŸ§™ğŸ¾, ğŸ§™ğŸ¾)ï¸±40ACRES#8460",Mount Manu#3530,for joining last week's Community Call,2021-11-22,ğŸ™ï½œpraise,,,
logonaut.eth#9437,Mount Manu#3530,for joining last week's Community Call,2021-11-22,ğŸ™ï½œpraise,,,
"russlive215 (ğŸ§™ğŸ¾, ğŸ§™ğŸ¾)ï¸±40ACRES#8460",iviangita#3204,for sharing some servers with Ryeder and some positive energy,2021-11-23,ğŸ™ï½œpraise,,,
AnaTech#7412,iviangita#3204,"for great calls syncing on the future of the Communications WG, Chuy is very excited to have all of you!",2021-11-23,ğŸ™ï½œpraise,,,
ygg_anderson#4998,sidcode#1729,for showing us how praise is quantified ğŸ™‚,2021-11-23,ğŸ™ï½œpraise,,,
liviade#1387,sidcode#1729,for showing us how praise is quantified ğŸ™‚,2021-11-23,ğŸ™ï½œpraise,,,
heater#9765,sidcode#1729,for stopping the Rewards Systems session at precisely the top of the hour,2021-11-23,ğŸ™ï½œpraise,,,
logonaut.eth#9437,chuygarcia.eth#6692,for attending the Comms WG call today <:TEC:835016327542210560>,2021-11-23,ğŸ™ï½œpraise,,,
runnning#0001,chuygarcia.eth#6692,for attending the Comms WG call today <:TEC:835016327542210560>,2021-11-23,ğŸ™ï½œpraise,,,
mheuer#9922,logonaut.eth#9437,"for   and  for their great leadership of the Comms, Soft Gov, and Gravity calls today ğŸ™Œ   And  and  for being such great role play partners in the Gravity conflict management exercise ğŸ­",2021-11-23,ğŸ™ï½œpraise,,,
Yineisy Mota#1449,logonaut.eth#9437,"for   and  for their great leadership of the Comms, Soft Gov, and Gravity calls today ğŸ™Œ   And  and  for being such great role play partners in the Gravity conflict management exercise ğŸ­",2021-11-23,ğŸ™ï½œpraise,,,
liviade#1387,logonaut.eth#9437,"for   and  for their great leadership of the Comms, Soft Gov, and Gravity calls today ğŸ™Œ   And  and  for being such great role play partners in the Gravity conflict management exercise ğŸ­",2021-11-23,ğŸ™ï½œpraise,,,
Juankbell#7458,logonaut.eth#9437,"for   and  for their great leadership of the Comms, Soft Gov, and Gravity calls today ğŸ™Œ   And  and  for being such great role play partners in the Gravity conflict management exercise ğŸ­",2021-11-23,ğŸ™ï½œpraise,,,
chuygarcia.eth#6692,logonaut.eth#9437,"for   and  for their great leadership of the Comms, Soft Gov, and Gravity calls today ğŸ™Œ   And  and  for being such great role play partners in the Gravity conflict management exercise ğŸ­",2021-11-23,ğŸ™ï½œpraise,,,
Mount Manu#3530,ZER8ğŸ§ #9093,,2021-11-25,ğŸ™ï½œpraise,"for being amazing leaders! 

!praise for being incredibly helpful and demonstrating incredible leadership in the Comms

!praise  

!praise @Mount Manu 

!praise @David (please DYOR...) for being the manğŸ˜ 

!praise @John V for being amazing people ",Token Engineering Commons,ğŸ™ï½œpraise
Mount Manu#3530,ZER8ğŸ§ #9093,,2021-11-25,ğŸ™ï½œpraise,@Mount Manu ,Token Engineering Commons,ğŸ™ï½œpraise
Juankbell#7458,ZER8ğŸ§ #9093,,2021-11-25,ğŸ™ï½œpraise,"for being amazing leaders! 

!praise for being incredibly helpful and demonstrating incredible leadership in the Comms

!praise  

!praise @Mount Manu 

!praise @David (please DYOR...) for being the manğŸ˜ 

!praise @John V for being amazing people ",Token Engineering Commons,ğŸ™ï½œpraise
Juankbell#7458,ZER8ğŸ§ #9093,,2021-11-25,ğŸ™ï½œpraise,@Mount Manu ,Token Engineering Commons,ğŸ™ï½œpraise
akrtws (TE Academy)#4246,Ekeneodigwe#1502,for sharing such insightful updates with me,2021-11-28,ğŸ™ï½œpraise,,,
acidlazzer#5796,sidcode#1729,for the param parties poap. Such a pleasant surprise ğŸ™‚,2021-11-29,ğŸ™ï½œpraise,,,
WaKa#6616,sidcode#1729,@kishoraditya for reliving the story of the TEC in the office hours ğŸ™‚,2021-11-29,ğŸ™ï½œpraise,,,
ygg_anderson#4998,sidcode#1729,@kishoraditya for reliving the story of the TEC in the office hours ğŸ™‚,2021-11-29,ğŸ™ï½œpraise,,,
inventandchill#7140,sidcode#1729,@kishoraditya for reliving the story of the TEC in the office hours ğŸ™‚,2021-11-29,ğŸ™ï½œpraise,,,
MarioRozo#3294,chuygarcia.eth#6692,for attending the Comms WG weekly call <:TEC:835016327542210560>,2021-11-30,ğŸ™ï½œpraise,,,
trainfarb#5782,chuygarcia.eth#6692,for attending the Comms WG weekly call <:TEC:835016327542210560>,2021-11-30,ğŸ™ï½œpraise,,,
heater#9765,sidcode#1729,for helping clarify answers on the praise system and the governauts program in the office hours ğŸ™‚,2021-12-01,ğŸ™ï½œpraise,,,
trainfarb#5782,eduardovegap#0422,", , , , , , ,  for engaging and participating on the Orientation call! Amazing to have you here!",2021-12-01,ğŸ™ï½œpraise,,,
ALOYSIOUS#3049,zadok7.eth#0007,"for being such a passionate advocate of the best parts of this new, mysterious, evolving space we summarize as web3. Inspiring. Glad to have been invited here to the TEC community. Much â™¥ï¸ <a:spindancer:915675347293438082>",2021-12-01,ğŸ™ï½œpraise,,,
sidcode#1729,liviade#1387,for the attention they are giving to the TEC praise system and the incredible reflections and questions coming out of this conversations,2021-12-02,ğŸ™ï½œpraise,,,
liviade#1387,teodoro.criscione#0572,for her mentorship!,2021-12-02,ğŸ™ï½œpraise,,,
acidlazzer#5796,acidlazzer#5796,for an awesome and productive twitter sync!,2021-12-06,ğŸ™ï½œpraise,,,
elchango.eth#4401,acidlazzer#5796,for an awesome and productive twitter sync!,2021-12-06,ğŸ™ï½œpraise,,,
eduardovegap#0422,peyton#8717,"for being so engaged and personal, giving everyone a space to share their intentions, and fielding questions.",2021-12-08,ğŸ™ï½œpraise,,,
akrtws (TE Academy)#4246,sidcode#1729,for the assemblage,2021-12-10,ğŸ™ï½œpraise,,,
ygg_anderson#4998,sidcode#1729,and so many other folks today whose handles I don't know,2021-12-10,ğŸ™ï½œpraise,,,
ğŸ™ octopus#5508,sidcode#1729,and so many other folks today whose handles I don't know,2021-12-10,ğŸ™ï½œpraise,,,
JessicaZartler#2263,sidcode#1729,and so many other folks today whose handles I don't know,2021-12-10,ğŸ™ï½œpraise,,,
heater#9765,sidcode#1729,and so many other folks today whose handles I don't know,2021-12-10,ğŸ™ï½œpraise,,,
liviade#1387,sidcode#1729,and so many other folks today whose handles I don't know,2021-12-10,ğŸ™ï½œpraise,,,
pat.zip#5266,sidcode#1729,for consistently facilitating relevant info,2021-12-10,ğŸ™ï½œpraise,,,
szhang.eth#1520,Mount Manu#3530,for being new or newish members of our Community Call / Praise Ritual,2021-12-12,ğŸ™ï½œpraise,,,
szhang.eth#1520,Mount Manu#3530,for attending our last Community Call,2021-12-12,ğŸ™ï½œpraise,,,
satchel  | PST#7393,Vyvy-vi#5040,for the really interesting and different persona on the personas the TEC onboarding should try to onboard better...,2021-12-13,ğŸ™ï½œpraise,,,
satchel  | PST#7393,MS#4235,"for the powerful collective brainstorming vibes that transpired on today's Communitas call. These recommendations and ideas are rocking, and I look forward to the brainstorming session around the new member journey when we set it up ğŸ¸",2021-12-13,ğŸ™ï½œpraise,,,
MarioRozo#3294,chuygarcia.eth#6692,for attending yesterday's Comms call and being patient with your beloved host ğŸ˜… ğŸ«,2021-12-15,ğŸ™ï½œpraise,,,
heater#9765,PhilH#1102,"for their support and guidance, and the engagement and passion they put into the Rewards System journey",2021-12-17,ğŸ™ï½œpraise,,,
PabloA#7958,iviangita#3204,for his comments on the CV proposal terms,2021-12-18,ğŸ™ï½œpraise,,,
gmBot3#1443,iviangita#3204,for joining TEC Community Call 61 <:TEC_pink:835409756839477289>   https://youtu.be/-X3Dn89ZLHU,2021-12-19,ğŸ™ï½œpraise,,,
natesuits#4789,eranmeir#1104,"for a very welcoming, friendly and informative orientation talk yesterday ğŸ¤—",2021-12-23,ğŸ™ï½œpraise,,,
eduardovegap#0422,eranmeir#1104,"for a very welcoming, friendly and informative orientation talk yesterday ğŸ¤—",2021-12-23,ğŸ™ï½œpraise,,,
acidlazzer#5796,Deleted User#0000,for keeping the POAPs coming! Cool designs each time.,2021-12-24,ğŸ™ï½œpraise,,,
Juankbell#7458,BiancaGadelha#2667,for the amazing work and conclusion of Gravity training and for bring such a great energy and bright light on TEC,2021-12-24,ğŸ™ï½œpraise,,,
ALOYSIOUS#3049,BiancaGadelha#2667,for creating a list for Gravity on trello and organized all documents over there,2021-12-26,ğŸ™ï½œpraise,,,
griff#3281,BiancaGadelha#2667,and  for introducing me to TEC. I'll always be grateful for that! ğŸ’œ,2021-12-26,ğŸ™ï½œpraise,,,
karmaticacid#1218,BiancaGadelha#2667,and  for introducing me to TEC. I'll always be grateful for that! ğŸ’œ,2021-12-26,ğŸ™ï½œpraise,,,
chuygarcia.eth#6692,vangelis#4349,,2022-01-05,ğŸ™ï½œpraise,for his for his extensive help and discussion over the Commons Stack and the TEC hatch as part of my research on the commons and my book Blockchain and the Commons ,Token Engineering Commons,ğŸ™ï½œpraise
iviangita#3204,acidlazzer#5796,for comming to the community call â¤ï¸,2022-01-06,ğŸ™ï½œpraise,,,
eduardovegap#0422,Jeremy&TheGospelOfChange#8201,for normalizing differences as a learning opportunity during the retro,2022-01-07,ğŸ™ï½œpraise,,,
Annn3#3538,Mount Manu#3530,for being relative newcomers in our weekly Community Call,2022-01-10,ğŸ™ï½œpraise,,,
Annn3#3538,Mount Manu#3530,for attending our January 6th Community Call!,2022-01-10,ğŸ™ï½œpraise,,,
UniPuffğŸ™#9571,Mount Manu#3530,for attending our January 6th Community Call!,2022-01-10,ğŸ™ï½œpraise,,,
starnight#0711,Kingdom#7487,@â€‹869837571503587329> for making the whole community more vibrant!,2022-01-11,ğŸ™ï½œpraise,,,
natesuits#4789,akrtws (TE Academy)#4246,"to  ,   and ALL AUTHORS of the Commons Upgrade  Voter Pamphlet - one of the best, thoroughly designed summaries I've ever seen for a token launch ğŸ™Œ ğŸ‘  all resources right where you need it, thank you!",2022-01-11,ğŸ™ï½œpraise,,,
Funny Random Username#3420,liviade#1387,for joining soft gov params special today!,2022-01-11,ğŸ™ï½œpraise,,,
divine_comedian#5493,delightfulabyss.eth#3679,for all their hard work on the commons deployment,2022-01-13,ğŸ™ï½œpraise,,,
griff#3281,delightfulabyss.eth#3679,for all their hard work on the commons deployment,2022-01-13,ğŸ™ï½œpraise,,,
karmaticacid#1218,delightfulabyss.eth#3679,for all their hard work on the commons deployment,2022-01-13,ğŸ™ï½œpraise,,,
sem  ğŸ#0161,delightfulabyss.eth#3679,for all their hard work on the commons deployment,2022-01-13,ğŸ™ï½œpraise,,,
natesuits#4789,delightfulabyss.eth#3679,for offering to be a guide to the TEC and a resource for questions,2022-01-13,ğŸ™ï½œpraise,,,
Annn3#3538,Mount Manu#3530,for your insightful cultural conversation with Livia,2022-01-17,ğŸ™ï½œpraise,,,
Technoshaman#5921,UniPuffğŸ™#9571,for phrasing the distinction between creative tension and conflict so succintly in the 0mega group calls.,2022-01-19,ğŸ™ï½œpraise,,,
divine_comedian#5493,liviade#1387,"for working on the praise onboarding bot, dashboard and docs!",2022-01-20,ğŸ™ï½œpraise,,,
"russlive215 (ğŸ§™ğŸ¾, ğŸ§™ğŸ¾)ï¸±40ACRES#8460",freshelle#9882,for mentioning or retweeting TE Commons on the socials the past week! Thank you for helping us grow the Token Engineering Commons community and spreading the message! ğŸ™ğŸ¼,2022-01-21,ğŸ™ï½œpraise,,,
"Christina, BorrowLucid#3036",Mount Manu#3530,for attending our last Orientation call,2022-01-21,ğŸ™ï½œpraise,,,
"Christina, BorrowLucid#3036",Mount Manu#3530,for joining our Orientation call this week,2022-01-21,ğŸ™ï½œpraise,,,
eduardovegap#0422,dawg#6444,for reaching out to me and rising to the challenge,2022-01-27,ğŸ™ï½œpraise,,,
UniPuffğŸ™#9571,nic#9212,for offering to design images !praise  for keeping omega events up to date !praise  for updating community call slides !praise  for offering to dive into resources to get started with contributing to omega !praise  for offering to pair up in some omega tasks !praise  for confirming the meeting break  ğŸ„ Have a lovely break everyone ğŸ¥³ Eat tons of cookies,2021-12-23,ğŸ‘ï½œomega,,,
durgadas#9280,Mert Ozd#6679,for his amazing curation,2022-01-10,ğŸ‘ï½œomega,,,
UniPuffğŸ™#9571,Letty#5399,for showing up in Omega's call and sharing awesome ideas to structure TE Consilience Library,2022-01-12,ğŸ‘ï½œomega,,,
Mount Manu#3530,Mert Ozd#6679,for writing an excellent manifesto for TE Library,2022-01-15,ğŸ‘ï½œomega,,,
jon.s#3107,Zeptimus#3359,,2021-11-03,, @Mount Manu  for joining a param party today it was fun! ,Token Engineering Commons,ğŸ™ï½œpraise
Zeptimus#3359,jon.s#3107,,2021-11-03,,"@Zeptimus (â³,â³) for hosting a params party with a noob like me ğŸ™‚ ",Token Engineering Commons,ğŸ™ï½œpraise
jon.s#3107,chuygarcia.eth#6692,,2021-11-03,,@Mount Manu for coming to a param party I hosted <a:1397_partywizardparrot:828514959893463052> ,Token Engineering Commons,ğŸ™ï½œpraise
UncleBimBimğŸ™#1401,chuygarcia.eth#6692,,2021-11-03,,for being in the orientation call even though he's in Australia and its super early ğŸ¦˜ ,Token Engineering Commons,ğŸ™ï½œpraise
rad casale#6107,chuygarcia.eth#6692,,2021-11-03,,@rad casale for keeping his front-end talents close to the TEC <:TEC:835016327542210560> ,Token Engineering Commons,ğŸ™ï½œpraise
Arvind#0302,chuygarcia.eth#6692,,2021-11-03,,for attending orientation after hearing about the TEC in the ForefrontDAO podcast <:FF:828526423894654986> <:TEC:835016327542210560> ,Token Engineering Commons,ğŸ™ï½œpraise
Tam2140#9361,UncleBimBimğŸ™#1401,,2021-11-03,,for being so helpful and always jumping in with more information during the orientation call ,Token Engineering Commons,ğŸ™ï½œpraise
eduardovegap#0422,UncleBimBimğŸ™#1401,,2021-11-03,, for facilitating the orientation call and being so great at it ,Token Engineering Commons,ğŸ™ï½œpraise
UncleBimBimğŸ™#1401,eduardovegap#0422,,2021-11-03,," @rad casale @Mount Manu @Zeptimus (â³,â³) @Mount Manu  for joining an amazing Orientation call! Thank you everyone for joining and engaging! We look forward to see you more around! If you have any question, my dms are open! ğŸ˜„ ",Token Engineering Commons,ğŸ™ï½œpraise
stkr4lv#6010,eduardovegap#0422,,2021-11-03,," @rad casale @Mount Manu @Zeptimus (â³,â³) @Mount Manu  for joining an amazing Orientation call! Thank you everyone for joining and engaging! We look forward to see you more around! If you have any question, my dms are open! ğŸ˜„ ",Token Engineering Commons,ğŸ™ï½œpraise
Arvind#0302,eduardovegap#0422,,2021-11-03,," @rad casale @Mount Manu @Zeptimus (â³,â³) @Mount Manu  for joining an amazing Orientation call! Thank you everyone for joining and engaging! We look forward to see you more around! If you have any question, my dms are open! ğŸ˜„ ",Token Engineering Commons,ğŸ™ï½œpraise
rad casale#6107,eduardovegap#0422,,2021-11-03,," @rad casale @Mount Manu @Zeptimus (â³,â³) @Mount Manu  for joining an amazing Orientation call! Thank you everyone for joining and engaging! We look forward to see you more around! If you have any question, my dms are open! ğŸ˜„ ",Token Engineering Commons,ğŸ™ï½œpraise
osycross#5943,eduardovegap#0422,,2021-11-03,," @rad casale @Mount Manu @Zeptimus (â³,â³) @Mount Manu  for joining an amazing Orientation call! Thank you everyone for joining and engaging! We look forward to see you more around! If you have any question, my dms are open! ğŸ˜„ ",Token Engineering Commons,ğŸ™ï½œpraise
satchel#7393,eduardovegap#0422,,2021-11-03,," @rad casale @Mount Manu @Zeptimus (â³,â³) @Mount Manu  for joining an amazing Orientation call! Thank you everyone for joining and engaging! We look forward to see you more around! If you have any question, my dms are open! ğŸ˜„ ",Token Engineering Commons,ğŸ™ï½œpraise
chuygarcia.eth#6692,jon.s#3107,,2021-11-03,,for hosting an informative params party ,Token Engineering Commons,ğŸ™ï½œpraise
divine_comedian#5493,jon.s#3107,,2021-11-03,,for taking the time to provide an overview of TEC's hatching/params process ,Token Engineering Commons,ğŸ™ï½œpraise
UncleBimBimğŸ™#1401,Tam2140#9361,,2021-11-03,,"for sharing some of your work and a quick exchange of ideas. Looking forward to more, there are many areas where the TEC can use a visual designer's touch. ",Token Engineering Commons,ğŸ™ï½œpraise
Arvind#0302,Nuggan#5183,,2021-11-04,, for joining the param party and making some awesome proposals! ,Token Engineering Commons,ğŸ™ï½œpraise
UncleBimBimğŸ™#1401,chuygarcia.eth#6692,,2021-11-04,,for keeping yourselves close to the Comms WG ,Token Engineering Commons,ğŸ™ï½œpraise
Arvind#0302,chuygarcia.eth#6692,,2021-11-04,,for keeping yourselves close to the Comms WG ,Token Engineering Commons,ğŸ™ï½œpraise
miguel bayon#5176,chuygarcia.eth#6692,,2021-11-04,,"@miguel bayon because he came to his first community call in the DAO space, welcome buddy <:TEC:835016327542210560> ",Token Engineering Commons,ğŸ™ï½œpraise
Arvind#0302,iviangita#3204,,2021-11-05,,"@David (please DYOR...) @Zeptimus (â³,â³)  @miguel bayon for attending the TEC Community Call 56 <:TEC:835016327542210560> https://youtu.be/9LcUA_5peZo ",Token Engineering Commons,ğŸ™ï½œpraise
miguel bayon#5176,iviangita#3204,,2021-11-05,,"@David (please DYOR...) @Zeptimus (â³,â³)  @miguel bayon for attending the TEC Community Call 56 <:TEC:835016327542210560> https://youtu.be/9LcUA_5peZo ",Token Engineering Commons,ğŸ™ï½œpraise
UncleBimBimğŸ™#1401,Mount Manu#3530,,2021-11-05,,@rad casale @Mount Manu for joining the last orientation call we had ,Token Engineering Commons,ğŸ™ï½œpraise
stkr4lv#6010,Mount Manu#3530,,2021-11-05,,@rad casale @Mount Manu for joining the last orientation call we had ,Token Engineering Commons,ğŸ™ï½œpraise
Arvind#0302,Mount Manu#3530,,2021-11-05,,@rad casale @Mount Manu for joining the last orientation call we had ,Token Engineering Commons,ğŸ™ï½œpraise
rad casale#6107,Mount Manu#3530,,2021-11-05,,@rad casale @Mount Manu for joining the last orientation call we had ,Token Engineering Commons,ğŸ™ï½œpraise
osycross#5943,Mount Manu#3530,,2021-11-05,,@rad casale @Mount Manu for joining the last orientation call we had ,Token Engineering Commons,ğŸ™ï½œpraise
satchel#7393,Mount Manu#3530,,2021-11-05,,@rad casale @Mount Manu for joining the last orientation call we had ,Token Engineering Commons,ğŸ™ï½œpraise
Arvind#0302,chuygarcia.eth#6692,,2021-11-09,,for being new contributors in the Comms WG! We're excited to have you here and we look forward to keep praising you for your valuable contributions to the community <:TEC:835016327542210560> ,Token Engineering Commons,ğŸ™ï½œpraise
osycross#5943,chuygarcia.eth#6692,,2021-11-09,,for being new contributors in the Comms WG! We're excited to have you here and we look forward to keep praising you for your valuable contributions to the community <:TEC:835016327542210560> ,Token Engineering Commons,ğŸ™ï½œpraise
Keytang#9140,eduardovegap#0422,,2021-11-10,,"@angieberryberry, @aydj, @bitN8, @casale.eth, @Cesar, @chuygarcia.eth, @durgadas, @Lutzar, @Keytang, @natesuits, @Pythagorean, @RoguePenguins, @russlive215, @superfreek, @Tixter | Ãngel, @Tam2140, @acidlazzer, for joining Orientation call! I had a blast knowing y'all, looking forward to see you around! ",Token Engineering Commons,ğŸ™ï½œpraise
russlive215#8460,eduardovegap#0422,,2021-11-10,,"@angieberryberry, @aydj, @bitN8, @casale.eth, @Cesar, @chuygarcia.eth, @durgadas, @Lutzar, @Keytang, @natesuits, @Pythagorean, @RoguePenguins, @russlive215, @superfreek, @Tixter | Ãngel, @Tam2140, @acidlazzer, for joining Orientation call! I had a blast knowing y'all, looking forward to see you around! ",Token Engineering Commons,ğŸ™ï½œpraise
Tixter | Ãngel#2801,eduardovegap#0422,,2021-11-10,,"@angieberryberry, @aydj, @bitN8, @casale.eth, @Cesar, @chuygarcia.eth, @durgadas, @Lutzar, @Keytang, @natesuits, @Pythagorean, @RoguePenguins, @russlive215, @superfreek, @Tixter | Ãngel, @Tam2140, @acidlazzer, for joining Orientation call! I had a blast knowing y'all, looking forward to see you around! ",Token Engineering Commons,ğŸ™ï½œpraise
Keytang#9140,karmaticacid#1218,,2021-11-11,,for helping set up param party for kernel block 4 fellows ,Token Engineering Commons,ğŸ™ï½œpraise
sidcode#9999,Zeptimus#3359,,2021-11-12,, for joining a morning param party!! it was so fun thanks for joining ğŸ¤ ,Token Engineering Commons,ğŸ™ï½œpraise
SiSoyAnaTech#7412,chuygarcia.eth#6692,,2021-11-12,,@David (please DYOR...) for attending the 1Hive Params Party! We had a blast <a:1397_partywizardparrot:828514959893463052> ,Token Engineering Commons,ğŸ™ï½œpraise
stkr4lv#6010,Mount Manu#3530,,2021-11-13,,for getting closer to the Comms WG ,Token Engineering Commons,ğŸ™ï½œpraise
Tixter | Ãngel#2801,Mount Manu#3530,,2021-11-13,,@Tixter | Ãngel for showing up to the Community Call and sending some praise love to people in the community ,Token Engineering Commons,ğŸ™ï½œpraise
Tixter | Ãngel#2801,Mount Manu#3530,,2021-11-13,,@Tixter | Ãngel for being new and making it to the Community call on Thursday ,Token Engineering Commons,ğŸ™ï½œpraise
Tixter | Ãngel#2801,Mount Manu#3530,,2021-11-13,,@Tixter | Ãngel for taking time off their days and taking part in our praise ritual ,Token Engineering Commons,ğŸ™ï½œpraise
Tixter | Ãngel#2801,Mount Manu#3530,,2021-11-13,,@Tixter | Ãngel for attending our Community Call and being part of our Praise tradition ,Token Engineering Commons,ğŸ™ï½œpraise
capsaicin#1997,Mount Manu#3530,,2021-11-13,,for joining the TEC Orientation call earlier this week ,Token Engineering Commons,ğŸ™ï½œpraise
russlive215#8460,Mount Manu#3530,,2021-11-13,,for joining us on our Stewards call ,Token Engineering Commons,ğŸ™ï½œpraise
greasypissjugs#9493,Mount Manu#3530,,2021-11-13,,@Tixter | Ãngel for attending our Community Call and being part of our Praise tradition ,Token Engineering Commons,ğŸ™ï½œpraise
osycross#5943,chuygarcia.eth#6692,,2021-11-16,,@natesuits@Lalocripto.ethğŸ´  @anson parker for attending a very constructive Comms WG call <:TEC:835016327542210560> ,Token Engineering Commons,ğŸ™ï½œpraise
osycross#5943,chuygarcia.eth#6692,,2021-11-17,,@luigy ğ—¹ğ—²ğ—ºğ—¼ğ—» for attending the Symmetric params party <:TEC:835016327542210560> <:Symmetric_Logo:859147200150765578> ,Token Engineering Commons,ğŸ™ï½œpraise
eduardovegap#0422,sidcode#9999,,2021-11-17,,"  :D. This is a great example of a ""reward system"" for a community ",Token Engineering Commons,ğŸ™ï½œpraise
durgadas#9280,sidcode#9999,,2021-11-17,,"  :D. This is a great example of a ""reward system"" for a community ",Token Engineering Commons,ğŸ™ï½œpraise
liviade#1387,sidcode#9999,,2021-11-17,,"  :D. This is a great example of a ""reward system"" for a community ",Token Engineering Commons,ğŸ™ï½œpraise
Tam2140#9361,sidcode#9999,,2021-11-17,,"  :D. This is a great example of a ""reward system"" for a community ",Token Engineering Commons,ğŸ™ï½œpraise
geekinada#7923,chuygarcia.eth#6692,,2021-11-17,,attending the Symmetric params party too and joining the TEC discord <:TEC:835016327542210560> ,Token Engineering Commons,ğŸ™ï½œpraise
sidcode#9999,Tam2140#9361,,2021-11-17,,for sharing the recording of Griff's Params Party on Gitcoin and making it available on Youtube for everyone to watch. ,Token Engineering Commons,ğŸ™ï½œpraise
logonaut#9437,freshelle#9882,,2021-11-19,, @David (please DYOR...)    @Mount Manu   for mentioning or retweeting TE Commons on the socials the past week! Thank you for helping us grow the Token Engineering Commons community and spreading the message! ğŸ™ğŸ¼â˜ºï¸ ,Token Engineering Commons,ğŸ™ï½œpraise
SiSoyAnaTech#7412,nic#9212,,2021-11-20,,for offering to help with the dashboard advice proposal post and giving great feedback ,Token Engineering Commons,ğŸ™ï½œpraise
logonaut#9437,Zeptimus#3359,,2021-11-22,, for a fun transparency sync âš¡ ,Token Engineering Commons,ğŸ™ï½œpraise
Keytang#9140,Mount Manu#3530,,2021-11-22,,for supporting interest in the TEC and turning that into a nice bridge with Gitcoinâ€™s Kernel ,Token Engineering Commons,ğŸ™ï½œpraise
russlive215#8460,Mount Manu#3530,,2021-11-22,,for showing up to TECâ€™s calls and being inquisitive ,Token Engineering Commons,ğŸ™ï½œpraise
russlive215#8460,Mount Manu#3530,,2021-11-22,,@John V @David (please DYOR...) ,Token Engineering Commons,ğŸ™ï½œpraise
logonaut#9437,Mount Manu#3530,,2021-11-22,,@John V @David (please DYOR...) ,Token Engineering Commons,ğŸ™ï½œpraise
russlive215#8460,iviangita#3204,,2021-11-23,,for sharing some servers with Ryeder and some positive energy ,Token Engineering Commons,ğŸ™ï½œpraise
SiSoyAnaTech#7412,iviangita#3204,,2021-11-23,,"for great calls syncing on the future of the Communications WG, Chuy is very excited to have all of you! ",Token Engineering Commons,ğŸ™ï½œpraise
ygg_anderson#4998,sidcode#9999,,2021-11-23,,for showing us how praise is quantified ğŸ™‚ ,Token Engineering Commons,ğŸ™ï½œpraise
liviade#1387,sidcode#9999,,2021-11-23,,for showing us how praise is quantified ğŸ™‚ ,Token Engineering Commons,ğŸ™ï½œpraise
heater#9765,sidcode#9999,,2021-11-23,,for stopping the Rewards Systems session at precisely the top of the hour ,Token Engineering Commons,ğŸ™ï½œpraise
logonaut#9437,chuygarcia.eth#6692,,2021-11-23,,@Lola rennt @Mount Manu for attending the Comms WG call today <:TEC:835016327542210560> ,Token Engineering Commons,ğŸ™ï½œpraise
Lola rennt#6271,chuygarcia.eth#6692,,2021-11-23,,@Lola rennt @Mount Manu for attending the Comms WG call today <:TEC:835016327542210560> ,Token Engineering Commons,ğŸ™ï½œpraise
chuygarcia.eth#6692,logonaut#9437,,2021-11-23,,"for and for their great leadership of the Comms, Soft Gov, and Gravity calls today ğŸ™Œ 

And and @Yineisy Mota for being such great role play partners in the Gravity conflict management exercise ğŸ­ ",Token Engineering Commons,ğŸ™ï½œpraise
liviade#1387,logonaut#9437,,2021-11-23,,"for and for their great leadership of the Comms, Soft Gov, and Gravity calls today ğŸ™Œ 

And and @Yineisy Mota for being such great role play partners in the Gravity conflict management exercise ğŸ­ ",Token Engineering Commons,ğŸ™ï½œpraise
Juankbell#7458,logonaut#9437,,2021-11-23,,"for and for their great leadership of the Comms, Soft Gov, and Gravity calls today ğŸ™Œ 

And and @Yineisy Mota for being such great role play partners in the Gravity conflict management exercise ğŸ­ ",Token Engineering Commons,ğŸ™ï½œpraise
mheuer#9922,logonaut#9437,,2021-11-23,,"for and for their great leadership of the Comms, Soft Gov, and Gravity calls today ğŸ™Œ 

And and @Yineisy Mota for being such great role play partners in the Gravity conflict management exercise ğŸ­ ",Token Engineering Commons,ğŸ™ï½œpraise
Yineisy Mota#1449,logonaut#9437,,2021-11-23,,"for and for their great leadership of the Comms, Soft Gov, and Gravity calls today ğŸ™Œ 

And and @Yineisy Mota for being such great role play partners in the Gravity conflict management exercise ğŸ­ ",Token Engineering Commons,ğŸ™ï½œpraise
David (please DYOR...)#4116,ZER8ğŸ§ #9093,,2021-11-25,,"for being amazing leaders! 

!praise for being incredibly helpful and demonstrating incredible leadership in the Comms

!praise  

!praise @Mount Manu 

!praise @David (please DYOR...) for being the manğŸ˜ 

!praise @John V for being amazing people ",Token Engineering Commons,ğŸ™ï½œpraise
mono#9024,ZER8ğŸ§ #9093,,2021-11-25,,"for being amazing leaders! 

!praise for being incredibly helpful and demonstrating incredible leadership in the Comms

!praise  

!praise @Mount Manu 

!praise @David (please DYOR...) for being the manğŸ˜ 

!praise @John V for being amazing people ",Token Engineering Commons,ğŸ™ï½œpraise
natesuits#4789,ZER8ğŸ§ #9093,,2021-11-25,,"for being amazing leaders! 

!praise for being incredibly helpful and demonstrating incredible leadership in the Comms

!praise  

!praise @Mount Manu 

!praise @David (please DYOR...) for being the manğŸ˜ 

!praise @John V for being amazing people ",Token Engineering Commons,ğŸ™ï½œpraise
John V#2787,ZER8ğŸ§ #9093,,2021-11-25,,"for being amazing leaders! 

!praise for being incredibly helpful and demonstrating incredible leadership in the Comms

!praise  

!praise @Mount Manu 

!praise @David (please DYOR...) for being the manğŸ˜ 

!praise @John V for being amazing people ",Token Engineering Commons,ğŸ™ï½œpraise
johnjonas#2307,ZER8ğŸ§ #9093,,2021-11-25,,"for being amazing leaders! 

!praise for being incredibly helpful and demonstrating incredible leadership in the Comms

!praise  

!praise @Mount Manu 

!praise @David (please DYOR...) for being the manğŸ˜ 

!praise @John V for being amazing people ",Token Engineering Commons,ğŸ™ï½œpraise
AnnAnna#4694,ZER8ğŸ§ #9093,,2021-11-25,,"for being amazing leaders! 

!praise for being incredibly helpful and demonstrating incredible leadership in the Comms

!praise  

!praise @Mount Manu 

!praise @David (please DYOR...) for being the manğŸ˜ 

!praise @John V for being amazing people ",Token Engineering Commons,ğŸ™ï½œpraise
casale.eth#6107,ZER8ğŸ§ #9093,,2021-11-25,,"for being amazing leaders! 

!praise for being incredibly helpful and demonstrating incredible leadership in the Comms

!praise  

!praise @Mount Manu 

!praise @David (please DYOR...) for being the manğŸ˜ 

!praise @John V for being amazing people ",Token Engineering Commons,ğŸ™ï½œpraise
acidlazzer#5796,ZER8ğŸ§ #9093,,2021-11-25,,"for being amazing leaders! 

!praise for being incredibly helpful and demonstrating incredible leadership in the Comms

!praise  

!praise @Mount Manu 

!praise @David (please DYOR...) for being the manğŸ˜ 

!praise @John V for being amazing people ",Token Engineering Commons,ğŸ™ï½œpraise
acidlazzer#5796,sidcode#9999,,2021-11-29,,for the param parties poap. Such a pleasant surprise ğŸ™‚ ,Token Engineering Commons,ğŸ™ï½œpraise
ygg_anderson#4998,sidcode#9999,,2021-11-29,,@kishoraditya for reliving the story of the TEC in the office hours ğŸ™‚ ,Token Engineering Commons,ğŸ™ï½œpraise
WaKa#6616,sidcode#9999,,2021-11-29,,@kishoraditya for reliving the story of the TEC in the office hours ğŸ™‚ ,Token Engineering Commons,ğŸ™ï½œpraise
inventandchill#7140,sidcode#9999,,2021-11-29,,@kishoraditya for reliving the story of the TEC in the office hours ğŸ™‚ ,Token Engineering Commons,ğŸ™ï½œpraise
CarlosRozo#3294,chuygarcia.eth#6692,,2021-11-30,,@Mount Manu  for attending the Comms WG weekly call <:TEC:835016327542210560> ,Token Engineering Commons,ğŸ™ï½œpraise
jacquesachille#5782,chuygarcia.eth#6692,,2021-11-30,,@Mount Manu  for attending the Comms WG weekly call <:TEC:835016327542210560> ,Token Engineering Commons,ğŸ™ï½œpraise
heater#9765,sidcode#9999,,2021-12-01,,for helping clarify answers on the praise system and the governauts program in the office hours ğŸ™‚ ,Token Engineering Commons,ğŸ™ï½œpraise
jacquesachille#5782,eduardovegap#0422,,2021-12-01,,"@jacquesachille, @John V, @PadInLa, @Sohan, @Terexitarius, @zadok7.eth, @delightfulabyss.eth, for engaging and participating on the Orientation call! Amazing to have you here! ",Token Engineering Commons,ğŸ™ï½œpraise
sidcode#9999,liviade#1387,,2021-12-02,,for the attention they are giving to the TEC praise system and the incredible reflections and questions coming out of this conversations ,Token Engineering Commons,ğŸ™ï½œpraise
Juankbell#7458,Zeptimus#3359,,2021-12-06,,@ivy ,Token Engineering Commons,ğŸ™ï½œpraise
el.chango#4401,acidlazzer#5796,,2021-12-06,,for an awesome and productive twitter sync! ,Token Engineering Commons,ğŸ™ï½œpraise
akrtws (TE Academy)#4246,sidcode#9999,,2021-12-10,,@akrtws (TE Academy) for the assemblage ,Token Engineering Commons,ğŸ™ï½œpraise
heater#9765,sidcode#9999,,2021-12-10,,@ğŸ™ octopus and so many other folks today whose handles I don't know ,Token Engineering Commons,ğŸ™ï½œpraise
ygg_anderson#4998,sidcode#9999,,2021-12-10,,@ğŸ™ octopus and so many other folks today whose handles I don't know ,Token Engineering Commons,ğŸ™ï½œpraise
liviade#1387,sidcode#9999,,2021-12-10,,@ğŸ™ octopus and so many other folks today whose handles I don't know ,Token Engineering Commons,ğŸ™ï½œpraise
ğŸ™ octopus#5508,sidcode#9999,,2021-12-10,,@ğŸ™ octopus and so many other folks today whose handles I don't know ,Token Engineering Commons,ğŸ™ï½œpraise
JessicaZartler#2263,sidcode#9999,,2021-12-10,,@ğŸ™ octopus and so many other folks today whose handles I don't know ,Token Engineering Commons,ğŸ™ï½œpraise
pat.zip#5266,sidcode#9999,,2021-12-10,,for consistently facilitating relevant info ,Token Engineering Commons,ğŸ™ï½œpraise
0xSA111#1520,Mount Manu#3530,,2021-12-12,,for being new or newish members of our Community Call / Praise Ritual ,Token Engineering Commons,ğŸ™ï½œpraise
0xSA111#1520,Mount Manu#3530,,2021-12-12,,@David (please DYOR...) @Mount Manu  for attending our last Community Call ,Token Engineering Commons,ğŸ™ï½œpraise
satchel#7393,Vyvy-vi#5040,,2021-12-13,,for the really interesting and different persona on the personas the TEC onboarding should try to onboard better... ,Token Engineering Commons,ğŸ™ï½œpraise
satchel#7393,MS#4235,,2021-12-13,,"@David (please DYOR...) @Yineisy Mota for the powerful collective brainstorming vibes that transpired on today's Communitas call. These recommendations and ideas are rocking, and I look forward to the brainstorming session around the new member journey when we set it .up ğŸ¸ ",Token Engineering Commons,ğŸ™ï½œpraise
CarlosRozo#3294,chuygarcia.eth#6692,,2021-12-15,, for attending yesterday's Comms call and being patient with your beloved host ğŸ˜… ğŸ« ,Token Engineering Commons,ğŸ™ï½œpraise
AFK Dec15 to Dec19. PabloA#7958,iviangita#3204,,2021-12-18,,@AFK Dec15 to Dec19. PabloA for his comments on the CV proposal terms ,Token Engineering Commons,ğŸ™ï½œpraise
raindrop#1443,iviangita#3204,,2021-12-19,," @David (please DYOR...)  @Mert Ozd  for joining TEC Community Call 61 <:TEC_pink:835409756839477289> 

https://youtu.be/-X3Dn89ZLHU ",Token Engineering Commons,ğŸ™ï½œpraise
ro#5555,griff#3281,,2021-12-23,,@rodri for making this Swag Shop Happen! ,Token Engineering Commons,ğŸ«ï½œgeneral
Pvblick Vniversal Friend ğŸ™#9571,nic#9212,,2021-12-23,," for offering to design images
!praise for keeping omega events up to date
!praise for updating community call slides
!praise @Pvblick Vniversal Friend ğŸ™ for offering to dive into resources to get started with contributing to omega
!praise @Mount Manu for offering to pair up in some omega tasks
!praise for confirming the meeting break

ğŸ„ Have a lovely break everyone ğŸ¥³ Eat tons of cookies ",Token Engineering Commons,ğŸ‘ï½œomega
annbrody3#3538,Mount Manu#3530,,2022-01-10,,for being relative newcomers in our weekly Community Call ,Token Engineering Commons,ğŸ™ï½œpraise
annbrody3#3538,Mount Manu#3530,,2022-01-10,,"@griff (ğŸ’œ, ğŸ’œ) @David (please DYOR...) @Lord TÎngÎki @Yineisy Mota @Pvblick Vniversal Friend ğŸ™ for attending our January 6th Community Call! ",Token Engineering Commons,ğŸ™ï½œpraise
Pvblick Vniversal Friend ğŸ™#9571,Mount Manu#3530,,2022-01-10,,"@griff (ğŸ’œ, ğŸ’œ) @David (please DYOR...) @Lord TÎngÎki @Yineisy Mota @Pvblick Vniversal Friend ğŸ™ for attending our January 6th Community Call! ",Token Engineering Commons,ğŸ™ï½œpraise
DerpTwerks#3420,liviade#1387,,2022-01-11,,@Mount Manu foir joining soft gov params special today! ,Token Engineering Commons,ğŸ™ï½œpraise
DerpTwerks#3420,liviade#1387,,2022-01-11,,@Craig @gene @Lauren @Mount Manu for joining soft gov params special today! ,Token Engineering Commons,ğŸ™ï½œpraise
Pvblick Vniversal Friend ğŸ™#9571,Letty#5399,,2022-01-12,,@Mert Ozd @Pvblick Vniversal Friend ğŸ™ @Mount Manu  for showing up in Omega's call and sharing awesome ideas to structure TE Consilience Library ,Token Engineering Commons,ğŸ‘ï½œomega
annbrody3#3538,Mount Manu#3530,,2022-01-17,,for your insightful cultural conversation with Livia ,Token Engineering Commons,ğŸ™ï½œpraise
"russlive215 (ğŸ§™ğŸ¾, ğŸ§™ğŸ¾)#8460",freshelle#9882,,2022-01-21,,"@russlive215 (ğŸ§™ğŸ¾, ğŸ§™ğŸ¾)  @Mert Ozd for mentioning or retweeting TE Commons on the socials the past week! Thank you for helping us grow the Token Engineering Commons community and spreading the message! ğŸ™ğŸ¼ ",Token Engineering Commons,ğŸ™ï½œpraise
Christina (BorrowLucid)#3036,Mount Manu#3530,,2022-01-21,,@Christina (BorrowLucid) @Mount Manu for attending our last Orientation call ,Token Engineering Commons,ğŸ™ï½œpraise
Christina (BorrowLucid)#3036,Mount Manu#3530,,2022-01-21,,@Christina (BorrowLucid) @Mount Manu for joining our Orientation call this week ,Token Engineering Commons,ğŸ™ï½œpraise
